[
    {
      "id": 1,
      "name": "Bugs Bunny",
      "lastName": "",
      "img": "img/bugsbunny.jpg"     
    },

    {
        "id": 2,
        "name": "Correcaminos",
        "lastName": "",
        "img": "img/correcaminos.jpg"     
    },

    {
      "id": 3,
      "name": "Coyote",
      "lastName": "",
      "img": "img/coyote.jpg"     
    },

    {
        "id": 4,
        "name": "Gallo Claudio",
        "lastName": "",
        "img": "img/gallo-claudio.jpg"     
    },

    {
        "id": 5,
        "name": "Pato Lucas",
        "lastName": "",
        "img": "img/patoLucas.jpg"     
    },

    {
        "id": 6,
        "name": "Porky",
        "lastName": "",
        "img": "img/porky.jpg"     
    },

    {
        "id": 7,
        "name": "Sam",
        "lastName": "",
        "img": "img/sam.jpg"     
    },

    {
        "id": 8,
        "name": "Sam",
        "lastName": "Bigotes",
        "img": "img/samBigotes.jpg"     
    },

    {
        "id": 9,
        "name": "Silvestre",
        "lastName": "",
        "img": "img/silvestre.jpg"     
    },

    {
        "id": 10,
        "name": "Speedy",
        "lastName": "Gonzales",
        "img": "img/Speedy-Gonzales.jpg"     
    },

    {
        "id": 11,
        "name": "Taz",
        "lastName": "",
        "img": "img/Taz.jpg"     
    }
]